file,char_count,model_id,avg_inference_s,min_s,max_s,num_questionslakeland-cordless-vacuum.pdf,14834,tinybert,7.324,0.9441461040005379,14.150150240002404,5
mcs1825wb-vacuum-manual.pdf,13369,tinybert,21.525,0.7661860910011455,58.7776295520016,5
miele-hs23-vacuum.pdf,45361,tinybert,2.326,2.0263404459983576,2.6253557589989214,5
orwell-political-english.pdf,30858,tinybert,18.288,1.5444153700009338,83.393335621,5
lakeland-cordless-vacuum.pdf,14834,deberta-v3-base,3.814,2.052857476999634,9.971569583998644,5
mcs1825wb-vacuum-manual.pdf,13369,deberta-v3-base,1.842,1.725489940999978,1.9381013059974066,5
miele-hs23-vacuum.pdf,45361,deberta-v3-base,7.573,6.450879217001784,8.962875187000463,5
orwell-political-english.pdf,30858,deberta-v3-base,4.022,3.301107236999087,4.301086847000988,5
